﻿<modtutorial>
	<append xpath="/recipes">
<!-- * * * * * * * * * * * * Carbón en el campfire * * * * * * * * * * * * -->
	  <recipe name="resourceCoal" count="10" craft_area="campfire" craft_time="0.50">
      <ingredient name="resourceWood" count="10"/>
      <ingredient name="resourceAnimalFat" count="2"/>
    </recipe>
    <!-- * * * * * * * * * * * * 
    Beaker en la forja quizás 
    <recipe name="toolBeaker" count="1" craft_area="forge" craft_tool="toolForgeCrucible" material_based="true" tags="learnable">
      <ingredient name="unit_glass" count="250"/>
      <ingredient name="unit_clay" count="500"/>
    </recipe>
     * * * * * * * * * * * * -->
    <!-- * * * * * * * * * * * * Ácido en la Estación de Química * * * * * * * * * * * * -->
    <recipe name="resourceAcid" count="1" craft_area="chemistryStation" tags="learnable">
      <ingredient name="resourceGlue" count="3"/>
      <ingredient name="resourceScrapPolymers" count="6"/>
      <ingredient name="drinkJarBoiledWater" count="1"/>
    </recipe>
	</append>
</modtutorial>